market,time,price_open,price_close,price_high,price_low,vwap,volume,candle_usd_volume,candle_trades_count
coinbase-btc-usd-spot,2016-01-01T00:00:00.000000000Z,430.35,435.66,437.15,427.92,433.3581006605548,3863.27745054,1674182.578290764799995524308197,12169
coinbase-btc-usd-spot,2016-01-02T00:00:00.000000000Z,435.67,435.4,437.56,432.41,435.2863463259863,3276.70962113,1426306.958952884399993783858101,11498
coinbase-btc-usd-spot,2016-01-03T00:00:00.000000000Z,435.4,431.91,435.75,425.02,430.6978450034134,3904.33531811,1681588.807680693599994689697762,14239
coinbase-btc-usd-spot,2016-01-04T00:00:00.000000000Z,431.9,433.85,435.79,431.37,433.9382144891547,5894.44572317,2557825.252515623899985939858406,11353
coinbase-btc-usd-spot,2016-01-05T00:00:00.000000000Z,433.84,433.34,435.64,430,433.3001989728983,5150.10947569,2231543.460548686000001614997917,13848
coinbase-btc-usd-spot,2016-01-06T00:00:00.000000000Z,433.32,430.87,433.46,428.15,431.8290060186106,5476.95995944,2365110.175288704999990749636427,15951
coinbase-btc-usd-spot,2016-01-07T00:00:00.000000000Z,430.66,459.07,460.15,430.64,450.8601427369152,13907.20172902,6270202.956617031399975357349136,29221
coinbase-btc-usd-spot,2016-01-08T00:00:00.000000000Z,459.07,454.44,464.4,447.53,456.2974464680015,8347.0950396,3808758.151995201899995285483288,20065
coinbase-btc-usd-spot,2016-01-09T00:00:00.000000000Z,454.41,450.38,456,447.66,452.1122647038255,4247.63965095,1920409.982236771300004860512914,18801
coinbase-btc-usd-spot,2016-01-10T00:00:00.000000000Z,450.39,449.99,451.39,442.96,446.8885429819467,3954.32239952,1767141.375602368100010934543343,11582
coinbase-btc-usd-spot,2016-01-11T00:00:00.000000000Z,449.99,449.19,452.65,445.88,449.1755604215085,5597.63718315,2514321.818777675200012373891659,15254
coinbase-btc-usd-spot,2016-01-12T00:00:00.000000000Z,449.26,434.01,449.44,431.83,445.9069913008132,6596.94545292,2941624.098687137799996043107208,14014
coinbase-btc-usd-spot,2016-01-13T00:00:00.000000000Z,434.01,432.77,437.5,425,431.1829276650144,9009.15070912,3884591.978533702199993651555524,21567
coinbase-btc-usd-spot,2016-01-14T00:00:00.000000000Z,432.7,430.03,435.27,428,431.9329330681615,5673.63296245,2450628.926623230500005645676513,12068
coinbase-btc-usd-spot,2016-01-15T00:00:00.000000000Z,430.04,357.53,430.29,357.3,396.0477451542842,28641.67358553,11343470.240994177399962626109384,42696
coinbase-btc-usd-spot,2016-01-16T00:00:00.000000000Z,357.59,388.7,391,350.92,371.9029811534748,17985.23878449,6688763.920708927699985428001857,28648
coinbase-btc-usd-spot,2016-01-17T00:00:00.000000000Z,388.7,378.46,391,372,384.8919761341951,8278.40179348,3186290.425525382400009283243913,11965
coinbase-btc-usd-spot,2016-01-18T00:00:00.000000000Z,378.47,384.89,386.1,370.1,380.1913263400936,8711.45975604,3312021.439007196100044216029834,20289
coinbase-btc-usd-spot,2016-01-19T00:00:00.000000000Z,384.79,375.27,385.5,370,379.181472397167,8133.36701034,3084022.078527264999997142469025,16189
coinbase-btc-usd-spot,2016-01-20T00:00:00.000000000Z,375.28,418.54,425.1,369,398.3471444540863,13874.69165931,5526943.802667067300008321556471,26785
coinbase-btc-usd-spot,2016-01-21T00:00:00.000000000Z,418.89,409.38,424.78,403.21,412.7433868635461,8739.16341887,3607031.907858410399994263033247,17927
coinbase-btc-usd-spot,2016-01-22T00:00:00.000000000Z,409.02,382.9,413.99,373.86,392.281629873224,13430.10303924,5268382.709598406300009313943662,19309
coinbase-btc-usd-spot,2016-01-23T00:00:00.000000000Z,382.93,387.5,398.72,382.55,390.4159301807844,6310.0300222,2463536.240585888600024639494114,10997
coinbase-btc-usd-spot,2016-01-24T00:00:00.000000000Z,387.5,403.05,406.93,387.49,400.5452905986858,3550.83177183,1422268.943914693699992073150215,3871
coinbase-btc-usd-spot,2016-01-25T00:00:00.000000000Z,403.05,391.4,403.05,386.41,394.0712264691809,6491.99981186,2558310.328097362000015643181322,7996
coinbase-btc-usd-spot,2016-01-26T00:00:00.000000000Z,391.4,391.54,397,387.78,392.9117563786101,6981.00990035,2742920.861242984700014433466854,8849
coinbase-btc-usd-spot,2016-01-27T00:00:00.000000000Z,391.7,394.79,397.18,390.7,394.2999201566219,6324.16419027,2493617.435280828400013327692126,12536
coinbase-btc-usd-spot,2016-01-28T00:00:00.000000000Z,394.6,379.61,395,377.12,384.1682619775295,9103.71549887,3497358.560738785799988596720487,28047
coinbase-btc-usd-spot,2016-01-29T00:00:00.000000000Z,379.63,378.68,385.05,363.25,375.8027548471243,12105.31043689,4549209.010462907800011903607094,23039
coinbase-btc-usd-spot,2016-01-30T00:00:00.000000000Z,378.68,378.46,382.04,375,378.8981196097002,4154.2964224,1574055.102748664700008608672354,14427
coinbase-btc-usd-spot,2016-01-31T00:00:00.000000000Z,378.46,367.95,382.5,365,377.1525293168569,5506.77681302,2076894.803413913199987814700488,16945
coinbase-btc-usd-spot,2016-02-01T00:00:00.000000000Z,367.89,371.33,379,366.26,372.0783436668553,7931.22922922,2951038.634850327399972550997501,17583
coinbase-btc-usd-spot,2016-02-02T00:00:00.000000000Z,371.33,372.93,374.41,371.17,372.8739537256405,6856.21815799,2556505.172175259699973931982581,12758
coinbase-btc-usd-spot,2016-02-03T00:00:00.000000000Z,372.93,368.87,373.01,365.63,370.4201515618695,7147.95657328,2647747.157232038899982638351119,19946
coinbase-btc-usd-spot,2016-02-04T00:00:00.000000000Z,368.87,387.99,390.63,368.74,380.1125223287602,8887.7572324,3378347.819453244999993693667229,37035
coinbase-btc-usd-spot,2016-02-05T00:00:00.000000000Z,387.99,384.5,389.36,382.99,385.8675472740902,7443.92933224,2872370.753513105200006658852338,29231
coinbase-btc-usd-spot,2016-02-06T00:00:00.000000000Z,384.44,375.44,384.54,370.05,375.9270956538791,6276.66473729,2359568.345082547499994144356214,21298
coinbase-btc-usd-spot,2016-02-07T00:00:00.000000000Z,375.44,377.49,379.81,373.24,376.3840103611917,4164.50911131,1567454.640500580299999975281799,17519
coinbase-btc-usd-spot,2016-02-08T00:00:00.000000000Z,377.47,371.14,379.35,370.5,374.7579499317625,7094.20857777,2658611.062993409400004672528699,16986
coinbase-btc-usd-spot,2016-02-09T00:00:00.000000000Z,371.14,372.68,374.93,370.13,372.1541588560109,8424.5942075,3135247.770995384300003872324587,22203
coinbase-btc-usd-spot,2016-02-10T00:00:00.000000000Z,372.76,378.44,383.34,371.87,376.2586855816023,9736.03682475,3663268.418454511699990990857906,33196
coinbase-btc-usd-spot,2016-02-11T00:00:00.000000000Z,378.49,378.23,379.5,360,375.0222841294205,10413.06371586,3905130.939507007900014082760512,29415
coinbase-btc-usd-spot,2016-02-12T00:00:00.000000000Z,378.23,382.05,382.05,377.46,380.0277079880886,6162.21762337,2341813.439533107400007021895119,21467
coinbase-btc-usd-spot,2016-02-13T00:00:00.000000000Z,382.05,391,396,381.99,388.5505205247811,5978.85647171,2323087.794225876600027934841474,19301
coinbase-btc-usd-spot,2016-02-14T00:00:00.000000000Z,391,406.59,406.92,391,399.205095559608,7557.25485027,3016894.644670346099989684128635,19405
coinbase-btc-usd-spot,2016-02-15T00:00:00.000000000Z,406.62,398.95,409.09,394.03,402.0728551657461,6568.48538284,2641009.671992947400003200421539,28229
coinbase-btc-usd-spot,2016-02-16T00:00:00.000000000Z,398.94,407.42,407.5,390,403.7459903016808,5649.43557069,2280936.959133775299991438170312,25418
coinbase-btc-usd-spot,2016-02-17T00:00:00.000000000Z,407.41,415.2,420.13,405.69,414.9378868008759,8707.1340027,3612919.783172389700015847764214,22926
coinbase-btc-usd-spot,2016-02-18T00:00:00.000000000Z,415.18,421.19,423.2,415.01,419.2803342388916,6518.6376118,2733136.556657714399996103648426,18576
coinbase-btc-usd-spot,2016-02-19T00:00:00.000000000Z,421.18,420.72,422,416,419.4413055521784,5800.21753183,2432850.814037408800004581566069,17463
coinbase-btc-usd-spot,2016-02-20T00:00:00.000000000Z,420.72,437.46,444.03,420.09,432.1222026055388,9368.59512888,4048377.962411147200036007467714,23111
coinbase-btc-usd-spot,2016-02-21T00:00:00.000000000Z,438.04,438.56,448.7,426.01,436.8164331609198,7111.14458641,3106264.813927200199989980193074,28733
coinbase-btc-usd-spot,2016-02-22T00:00:00.000000000Z,438.56,437.55,439,430.95,436.2913347637742,5131.79988328,2238959.820816812099997497547531,22568
coinbase-btc-usd-spot,2016-02-23T00:00:00.000000000Z,437.45,419.97,440.9,414.16,426.0161898249652,9159.03224463,3901896.019341271100006485264859,29181
coinbase-btc-usd-spot,2016-02-24T00:00:00.000000000Z,420.32,423.94,425.6,410,421.2838168468643,7232.28236528,3046843.51935942589999720519826,18586
coinbase-btc-usd-spot,2016-02-25T00:00:00.000000000Z,423.87,423.54,426.44,418.6,422.7960367919508,6049.81811526,2557839.122444077700001329320525,21834
coinbase-btc-usd-spot,2016-02-26T00:00:00.000000000Z,423.51,430.85,430.85,419.53,423.6782400226242,6782.03746528,2873401.69705732979999966255994,18654
coinbase-btc-usd-spot,2016-02-27T00:00:00.000000000Z,430.84,433.12,434.97,430.14,432.3127592307726,5520.65526894,2386649.712077354299993896000374,16773
coinbase-btc-usd-spot,2016-02-28T00:00:00.000000000Z,433.09,433.73,436.07,423,430.4627592543289,5149.93009024,2216853.116611605399980665450627,15995
coinbase-btc-usd-spot,2016-02-29T00:00:00.000000000Z,433.73,436.44,442,431.13,436.2996994130589,7578.8900694,3306667.459163837099977769049508,24233
coinbase-btc-usd-spot,2016-03-01T00:00:00.000000000Z,436.41,433.08,437.78,427.5,433.2795446867223,7580.23306278,3284359.930060556500002891525979,26728
coinbase-btc-usd-spot,2016-03-02T00:00:00.000000000Z,433.03,420.39,435.36,418.36,429.544512657979,7437.60843525,3194783.890660335099991270428523,18594
coinbase-btc-usd-spot,2016-03-03T00:00:00.000000000Z,420.44,418.8,422.8,408.63,417.3739241539817,11833.72087093,4939086.517242928399975777122933,26900
coinbase-btc-usd-spot,2016-03-04T00:00:00.000000000Z,418.76,407.35,422.21,405.5,415.8982763991385,8961.10957184,3726910.02555207760002329614285,14879
coinbase-btc-usd-spot,2016-03-05T00:00:00.000000000Z,407.38,396.08,408.83,381.09,396.4578961903713,14903.33778457,5908545.944285091699981578867993,23841
coinbase-btc-usd-spot,2016-03-06T00:00:00.000000000Z,396.13,403.24,409.27,385.01,401.2640618508945,7676.29322299,3080220.598615461499991839232936,10830
coinbase-btc-usd-spot,2016-03-07T00:00:00.000000000Z,403.24,412.21,418.74,395,408.0486779179787,9910.74424239,4044066.085290458899971374391405,14708
coinbase-btc-usd-spot,2016-03-08T00:00:00.000000000Z,412.21,411.18,416.33,407.4,411.6971645108722,7501.47649557,3088336.602871123199994756259684,10396
coinbase-btc-usd-spot,2016-03-09T00:00:00.000000000Z,411.18,412.8,414,408.75,411.6101940877314,5399.36136204,2222432.178179082300001878053196,12675
coinbase-btc-usd-spot,2016-03-10T00:00:00.000000000Z,412.64,415.98,416.52,410.71,414.0813679805131,7909.17586749,3275042.362808720999985841506354,17783
coinbase-btc-usd-spot,2016-03-11T00:00:00.000000000Z,415.98,419.39,421,414.97,418.5694140159599,7041.45814304,2947339.0087501617000031921322,18317
coinbase-btc-usd-spot,2016-03-12T00:00:00.000000000Z,419.48,410.58,421.3,406.52,412.9920242576178,6897.105099,2848449.396353547100002728985526,13175
coinbase-btc-usd-spot,2016-03-13T00:00:00.000000000Z,410.56,412.52,416.38,410.01,412.6981765033853,4663.32879725,1924547.291060800099996979590537,9393
coinbase-btc-usd-spot,2016-03-14T00:00:00.000000000Z,412.51,415.02,415.84,411.61,413.5926376330679,6672.7126524,2759784.826073660300008178692114,12827
coinbase-btc-usd-spot,2016-03-15T00:00:00.000000000Z,415.02,415.41,416.94,412.48,415.1356378703924,7355.07959993,3053355.661304450800011203773355,14039
coinbase-btc-usd-spot,2016-03-16T00:00:00.000000000Z,415.41,416.07,416.39,413,415.1750469629037,6274.8088109,2605144.042748649500002323919581,12329
coinbase-btc-usd-spot,2016-03-17T00:00:00.000000000Z,416.06,418.41,419.75,415.7,418.2451370692469,6108.4432848,2554826.698930897000019279339321,13216
coinbase-btc-usd-spot,2016-03-18T00:00:00.000000000Z,418.42,409.65,418.66,399.21,411.1900857707128,8597.5867638,3535242.438828067300041532986627,18787
coinbase-btc-usd-spot,2016-03-19T00:00:00.000000000Z,409.66,410.2,411,404.72,408.0665520100508,4840.13357914,1975096.620907725999995058663095,13668
coinbase-btc-usd-spot,2016-03-20T00:00:00.000000000Z,410.2,411.27,415.34,409.36,411.8113949482166,4726.10717472,1946264.788296217800020717872414,10640
coinbase-btc-usd-spot,2016-03-21T00:00:00.000000000Z,411.25,412,412.13,406.89,409.8290610418139,6020.51810823,2467383.283281138499985262835172,11867
coinbase-btc-usd-spot,2016-03-22T00:00:00.000000000Z,411.98,416.66,417.79,411,415.6612174892487,6124.69185606,2545796.873636385799992252544104,10887
coinbase-btc-usd-spot,2016-03-23T00:00:00.000000000Z,416.66,417.53,418.99,413.95,416.8471636614899,5506.91945281,2295543.754416132599996700669764,10459
coinbase-btc-usd-spot,2016-03-24T00:00:00.000000000Z,417.53,412.95,417.72,410,415.4776268590196,5064.58936525,2104223.570489498299998819793834,12364
coinbase-btc-usd-spot,2016-03-25T00:00:00.000000000Z,412.86,416.41,416.87,411,414.776053598075,4598.6610383,1907414.477301300200013057014466,11149
coinbase-btc-usd-spot,2016-03-26T00:00:00.000000000Z,416.42,416.97,417.77,414.37,416.4815224524552,3641.00285678,1516410.413045472999996145169133,10519
coinbase-btc-usd-spot,2016-03-27T00:00:00.000000000Z,416.96,425.3,426.5,416.35,422.3734283699757,4658.09803054,1967456.8348426117000075379818,14136
coinbase-btc-usd-spot,2016-03-28T00:00:00.000000000Z,425.29,423,425.36,419.63,422.5699309533983,5717.86007067,2416195.735264215299994108933836,20907
coinbase-btc-usd-spot,2016-03-29T00:00:00.000000000Z,423,416.39,424.62,407.75,416.2820241382257,7361.85527519,3064608.015368767999985989742127,19364
coinbase-btc-usd-spot,2016-03-30T00:00:00.000000000Z,416.4,412.79,416.41,407.56,412.7131484929334,5831.49360379,2406734.085636573499977774818807,16965
coinbase-btc-usd-spot,2016-03-31T00:00:00.000000000Z,412.97,416.03,417.6,412.74,415.3009135034821,5235.54278385,2174325.700819468900004463759773,15200
coinbase-btc-usd-spot,2016-04-01T00:00:00.000000000Z,416.03,417.68,417.68,414.12,416.3929548939942,5353.92318385,2229335.894798763100001455979118,20040
coinbase-btc-usd-spot,2016-04-02T00:00:00.000000000Z,417.68,419.95,420.5,417.04,419.3533328133921,3952.0183139,1657292.051273527499998857478458,10566
coinbase-btc-usd-spot,2016-04-03T00:00:00.000000000Z,419.95,420.16,420.8,418.33,419.6750837644007,3266.97381272,1371067.508509369500000338911986,13745
coinbase-btc-usd-spot,2016-04-04T00:00:00.000000000Z,420.08,419.47,421,417.58,419.293719325313,5323.83529462,2232250.701756593500013559368999,19856
coinbase-btc-usd-spot,2016-04-05T00:00:00.000000000Z,419.48,422.36,423.43,418.01,421.3534473129723,5727.68629636,2413380.366098556599989272595599,21923
coinbase-btc-usd-spot,2016-04-06T00:00:00.000000000Z,422.4,421.46,423,420.61,422.0504004598952,5211.96140153,2199710.396697252899991709337744,18355
coinbase-btc-usd-spot,2016-04-07T00:00:00.000000000Z,421.36,421.99,422.74,419.41,421.4773063801001,5026.31118662,2118476.099964762199999577287565,17058
coinbase-btc-usd-spot,2016-04-08T00:00:00.000000000Z,421.99,419.48,424.65,415.71,421.6502299348769,6437.97595515,2714574.041804206299991682358938,17121
coinbase-btc-usd-spot,2016-04-09T00:00:00.000000000Z,419.48,419.46,419.79,415.51,418.3472417389505,3519.98911149,1472577.73574298050000097487013,16370
coinbase-btc-usd-spot,2016-04-10T00:00:00.000000000Z,419.46,423.4,423.99,419.46,422.2299514286857,2990.03664436,1262483.027118113199992681280582,11599
coinbase-btc-usd-spot,2016-04-11T00:00:00.000000000Z,423.29,423.94,424,420.15,422.6785200808326,5093.21825161,2152793.953039200399986980394557,19724
coinbase-btc-usd-spot,2016-04-12T00:00:00.000000000Z,423.95,427.8,429.77,423.14,426.8248395932194,6997.06357807,2986520.53933328519997448204881,25247
coinbase-btc-usd-spot,2016-04-13T00:00:00.000000000Z,427.8,425.58,429.44,423.59,426.5308171678756,5885.07514476,2510165.910588836399989666990701,24994
coinbase-btc-usd-spot,2016-04-14T00:00:00.000000000Z,425.58,426.32,428,424.52,425.88037390297,4732.22672175,2015362.485652515800001721626037,19134
coinbase-btc-usd-spot,2016-04-15T00:00:00.000000000Z,426.35,430.93,431.1,425.72,429.0748659433464,4184.00939072,1795253.268428886399996421169735,13809
coinbase-btc-usd-spot,2016-04-16T00:00:00.000000000Z,430.82,433.39,434.89,429.89,432.2836507854853,4133.98598682,1787054.554678586700006786191091,17608
coinbase-btc-usd-spot,2016-04-17T00:00:00.000000000Z,433.69,431,434.93,429.15,432.2601551093973,3299.73395797,1426343.512491857700003021805828,14689
coinbase-btc-usd-spot,2016-04-18T00:00:00.000000000Z,431.08,430.97,434.46,428.44,430.2073202305083,5277.32120606,2270342.214054706799991729069251,13959
coinbase-btc-usd-spot,2016-04-19T00:00:00.000000000Z,430.9,437.06,438.2,429.22,431.804082307134,6226.60528301,2688673.580118885599997947366248,15645
coinbase-btc-usd-spot,2016-04-20T00:00:00.000000000Z,437.06,442.96,444.07,436.17,439.8408407006417,7150.95669528,3145282.804665837400002997846599,22281
coinbase-btc-usd-spot,2016-04-21T00:00:00.000000000Z,442.87,452.25,453.8,441.99,447.144394767148,7693.43100861,3440074.552027727800002594358197,21922
coinbase-btc-usd-spot,2016-04-22T00:00:00.000000000Z,452.25,448.41,452.95,445.07,448.5119982847479,6814.7817311,3056511.372090054799999899833932,24396
coinbase-btc-usd-spot,2016-04-23T00:00:00.000000000Z,448.57,455.69,455.84,447.03,450.7255924935225,4618.30821378,2081589.705973692000005860757657,25381
coinbase-btc-usd-spot,2016-04-24T00:00:00.000000000Z,455.68,464.46,465,454.55,459.7850473355065,6188.49079492,2845375.533077638500005028145371,21742
coinbase-btc-usd-spot,2016-04-25T00:00:00.000000000Z,464.47,466.17,472.38,454.65,464.795061254083,9493.32784683,4412451.898072441499968347152316,25794
coinbase-btc-usd-spot,2016-04-26T00:00:00.000000000Z,466.17,470.59,472.11,464.01,468.6617938226529,7471.24056177,3501485.003759693200021699592943,33248
coinbase-btc-usd-spot,2016-04-27T00:00:00.000000000Z,470.3,445.31,470.79,434,457.7700643624927,11629.49770098,5323635.911081075000029687961605,29003
coinbase-btc-usd-spot,2016-04-28T00:00:00.000000000Z,445.3,451.68,451.88,434.79,445.5872992367003,7644.69210461,3406377.708389296200004896700362,17051
coinbase-btc-usd-spot,2016-04-29T00:00:00.000000000Z,451.67,458.82,459.44,448.5,453.5175695658354,5965.09735013,2705276.452454562899999136413664,26129
coinbase-btc-usd-spot,2016-04-30T00:00:00.000000000Z,458.8,454.02,459.33,450.13,455.963575318685,4710.2895045,2147720.443257897100000162412431,30362
coinbase-btc-usd-spot,2016-05-01T00:00:00.000000000Z,454.02,456.98,457.07,451.55,455.1267632215116,2941.67587876,1338835.421146834699993596252819,24584
coinbase-btc-usd-spot,2016-05-02T00:00:00.000000000Z,456.98,446.42,457.63,440.02,447.2441009792684,7694.20823194,3441189.243441291500024648460213,33742
coinbase-btc-usd-spot,2016-05-03T00:00:00.000000000Z,446.53,452.21,453.29,443.61,448.9467365435118,5892.48138372,2645410.28736449060001962469005,35852
coinbase-btc-usd-spot,2016-05-04T00:00:00.000000000Z,452.21,448.68,453.23,446.76,449.2987399652107,4883.54001476,2194168.375201354500012697827368,22649
coinbase-btc-usd-spot,2016-05-05T00:00:00.000000000Z,448.59,449.98,451.56,447,449.434939124569,5336.21991152,2398283.671089304200004825441212,25461
coinbase-btc-usd-spot,2016-05-06T00:00:00.000000000Z,449.99,462.31,463.73,448.84,455.5198285508623,6193.77720515,2821388.330572166799987728637079,23381
coinbase-btc-usd-spot,2016-05-07T00:00:00.000000000Z,462.31,461.91,464,459.55,461.5133102122614,3463.8802064,1598626.820234395300000611484809,15137
coinbase-btc-usd-spot,2016-05-08T00:00:00.000000000Z,461.91,462.79,465,457.5,461.0902381526111,3275.57794242,1510337.013557877700004199338065,16213
coinbase-btc-usd-spot,2016-05-09T00:00:00.000000000Z,462.6,464.16,465.9,459.41,462.4593061440474,5882.94056987,2720620.614028746799998391943051,22327
coinbase-btc-usd-spot,2016-05-10T00:00:00.000000000Z,464.15,452.78,465,448.2,457.1521740929857,6814.25705519,3115152.427608575099999447943076,18580
coinbase-btc-usd-spot,2016-05-11T00:00:00.000000000Z,452.77,454.37,458.65,452.5,455.5368586455786,5746.40549365,2617699.507081016600002065522372,19149
coinbase-btc-usd-spot,2016-05-12T00:00:00.000000000Z,454.56,456.48,456.57,449.27,452.6447905767163,6119.04462476,2769753.672704071999975855699266,24775
coinbase-btc-usd-spot,2016-05-13T00:00:00.000000000Z,456.48,457.98,458.03,453.84,456.4181152238223,5404.20702972,2466577.98678413349999201882312,28939
coinbase-btc-usd-spot,2016-05-14T00:00:00.000000000Z,457.97,458.9,459.83,456,457.9890200425446,3295.1997074,1509165.284836605600005436805104,21200
coinbase-btc-usd-spot,2016-05-15T00:00:00.000000000Z,458.9,461.47,463.62,458.49,460.6165604798579,3269.98252507,1506208.103526984100008230948964,18886
coinbase-btc-usd-spot,2016-05-16T00:00:00.000000000Z,461.48,455.66,461.59,451.48,457.8664074494318,6019.17236655,2755976.827291143099986939742384,16143
coinbase-btc-usd-spot,2016-05-17T00:00:00.000000000Z,455.64,454.19,457.49,452.2,455.344731540601,6033.90842585,2747508.412309238600001644440041,19922
coinbase-btc-usd-spot,2016-05-18T00:00:00.000000000Z,454.19,455.56,457.88,453.6,456.2567341679978,5512.42378222,2515080.472225699400010617371032,30382
coinbase-btc-usd-spot,2016-05-19T00:00:00.000000000Z,455.56,438.38,456.41,435,448.1178594007703,8412.58613924,3769830.092740819500001038784857,28748
coinbase-btc-usd-spot,2016-05-20T00:00:00.000000000Z,437.91,445.65,445.85,435.5,442.5781367299795,7178.735362,3177151.320591575000005211016936,32247
coinbase-btc-usd-spot,2016-05-21T00:00:00.000000000Z,445.52,446.28,446.99,441.88,445.5690957356687,3945.71821234,1758090.095900093200005997781481,22929
coinbase-btc-usd-spot,2016-05-22T00:00:00.000000000Z,446.27,442.48,446.45,440.89,444.0633732171412,3779.58274056,1678374.261126360599996642568153,19702
coinbase-btc-usd-spot,2016-05-23T00:00:00.000000000Z,442.45,445.67,446.3,440.79,443.7114476688853,5659.42935339,2511153.591372460300001333254912,26901
coinbase-btc-usd-spot,2016-05-24T00:00:00.000000000Z,445.56,446.99,448.5,440.5,446.2188021976391,6536.8124736,2916848.632160378599994111693591,36197
coinbase-btc-usd-spot,2016-05-25T00:00:00.000000000Z,446.98,451.49,452.42,446.86,450.0430340461448,6167.95576946,2775845.528350202100008507927326,40658
coinbase-btc-usd-spot,2016-05-26T00:00:00.000000000Z,451.45,454.97,454.99,449,452.3099395559709,5843.88197402,2643245.90244121430001163641081,40712
coinbase-btc-usd-spot,2016-05-27T00:00:00.000000000Z,454.97,471.27,476.75,454.35,469.1710134778356,9888.02648828,4639175.408802011700001882196405,48301
coinbase-btc-usd-spot,2016-05-28T00:00:00.000000000Z,471.21,523.25,539.49,470.13,500.4258175964907,12107.45659727,6058883.866702864700002804067535,61271
coinbase-btc-usd-spot,2016-05-29T00:00:00.000000000Z,523.35,525.22,549.99,491.01,524.9738455536849,9957.52724318,5227441.369057786799987652728571,51338
coinbase-btc-usd-spot,2016-05-30T00:00:00.000000000Z,525.22,532.55,541,519,531.4579334615149,5960.33332201,3167666.430057240500019402780628,38745
coinbase-btc-usd-spot,2016-05-31T00:00:00.000000000Z,532.56,531.34,544.9,520.01,532.2038088174329,8491.97268136,4519460.205393380400001475963511,40994
coinbase-btc-usd-spot,2016-06-01T00:00:00.000000000Z,531.25,534.84,541.5,524.39,533.5034378297752,5736.65283224,3060524.007635956499996415350461,28952
coinbase-btc-usd-spot,2016-06-02T00:00:00.000000000Z,534.85,537.87,541.2,531.86,536.0967695169021,6329.87872329,3393427.534989541499989522435534,34658
coinbase-btc-usd-spot,2016-06-03T00:00:00.000000000Z,538.06,571.25,578,535.96,560.1264165700939,10203.7254522,5715376.173205846899992194157882,30927
coinbase-btc-usd-spot,2016-06-04T00:00:00.000000000Z,571.09,576.31,594.64,564.29,576.1336018928767,6932.07537817,3993801.556218007300000401052843,26458
coinbase-btc-usd-spot,2016-06-05T00:00:00.000000000Z,576.31,575.17,585,570.22,577.7642645859471,4984.2494482,2879721.21695218540000181628847,22437
coinbase-btc-usd-spot,2016-06-06T00:00:00.000000000Z,575.17,586.77,588.15,575,583.4011214508983,6791.26453533,3962031.34598123569999351841514,25476
coinbase-btc-usd-spot,2016-06-07T00:00:00.000000000Z,586.75,579.71,590.95,475,577.2864182887814,10079.83684173,5818952.907297614399954501406274,36278
coinbase-btc-usd-spot,2016-06-08T00:00:00.000000000Z,579.72,583.21,583.99,572.96,579.2116098742873,5661.74917272,3279350.853035565400007600927066,33563
coinbase-btc-usd-spot,2016-06-09T00:00:00.000000000Z,583.19,577.46,583.48,574,578.5835791562395,4979.63044035,2881132.403053063899993941562965,24326
coinbase-btc-usd-spot,2016-06-10T00:00:00.000000000Z,577.47,580.31,581,573.5,578.3519649351845,5659.48661659,3273175.205229205500008921156316,36104
coinbase-btc-usd-spot,2016-06-11T00:00:00.000000000Z,580.31,609.5,610,580.31,589.2732242645501,5542.22525864,3265884.947759222700003624294781,26686
coinbase-btc-usd-spot,2016-06-12T00:00:00.000000000Z,609.5,677.86,687.71,605,646.5217685024679,18004.01737962,11639989.156421089699985939332744,51457
coinbase-btc-usd-spot,2016-06-13T00:00:00.000000000Z,677.45,706.01,720,663.55,693.0630206871507,15497.40307056,10740676.984888637600005553859598,40499
coinbase-btc-usd-spot,2016-06-14T00:00:00.000000000Z,706.02,684.95,706.45,650.02,682.810264975069,12443.0955638,8496273.379028383999995742661111,29437
coinbase-btc-usd-spot,2016-06-15T00:00:00.000000000Z,684.99,698.78,699.3,673,687.0140635364329,7913.03547125,5436366.654011395000000014622176,22151
coinbase-btc-usd-spot,2016-06-16T00:00:00.000000000Z,698.76,769.76,777.68,698.76,741.383233168058,16806.85873763,12460323.270302954599978514630001,34768
coinbase-btc-usd-spot,2016-06-17T00:00:00.000000000Z,769.71,752.26,778.5,709.01,750.1602294288931,14007.79895098,10508093.67486096539997737034421,30401
coinbase-btc-usd-spot,2016-06-18T00:00:00.000000000Z,752,758.99,785.15,734.8,758.7973325738985,9594.92358376,7280602.421607478999972217647371,25216
coinbase-btc-usd-spot,2016-06-19T00:00:00.000000000Z,759,768.76,771.92,744.77,758.7880450009527,5442.63878549,4129809.243688316699989691505042,20034
coinbase-btc-usd-spot,2016-06-20T00:00:00.000000000Z,768.94,703.12,768.94,701.01,743.1631844230041,9837.24384715,7310677.46339359780000025940353,29614
coinbase-btc-usd-spot,2016-06-21T00:00:00.000000000Z,706.47,667.66,718.26,628.6,676.9641082157669,26110.68887273,17675999.207627012000033083743129,43605
coinbase-btc-usd-spot,2016-06-22T00:00:00.000000000Z,667.88,604.5,679.99,568.11,637.4947581541013,15592.43638084,9940096.459636806799983240106637,29870
coinbase-btc-usd-spot,2016-06-23T00:00:00.000000000Z,606.13,631.1,637.89,544.13,596.8980437555049,20474.00358887,12220892.690039690299995520097792,32485
coinbase-btc-usd-spot,2016-06-24T00:00:00.000000000Z,631.1,669.98,700,631.01,669.2405957615992,19078.84530672,12768337.799512682999939467111524,41387
coinbase-btc-usd-spot,2016-06-25T00:00:00.000000000Z,669.98,673.71,699,650,679.7563454324895,7691.56323655,5228388.916340118399991944244691,22232
coinbase-btc-usd-spot,2016-06-26T00:00:00.000000000Z,673.71,638.56,675.19,625.01,645.5903460814379,5678.38601546,3665911.192904818400009389067209,14140
coinbase-btc-usd-spot,2016-06-27T00:00:00.000000000Z,638.56,657.87,659.98,630,645.9204424936557,6624.33980245,4278796.496426840000013628536279,14859
coinbase-btc-usd-spot,2016-06-28T00:00:00.000000000Z,657.86,648.43,663.53,638,651.2035436151543,5696.74677715,3709741.688358289899989947018974,18776
coinbase-btc-usd-spot,2016-06-29T00:00:00.000000000Z,648.43,639.42,648.43,630.02,638.067840990856,6485.12685807,4137950.892880538299996155390555,15322
coinbase-btc-usd-spot,2016-06-30T00:00:00.000000000Z,639.41,673.49,675,635.14,658.8062797078743,7764.24646799,5115134.33031149479999062585613,20438
coinbase-btc-usd-spot,2016-07-01T00:00:00.000000000Z,673.5,678.19,688.99,667,678.2622552151766,6839.68854227,4639102.575649454099998197363474,16734
coinbase-btc-usd-spot,2016-07-02T00:00:00.000000000Z,678.09,704.95,705.21,676.92,691.5927052506807,4977.98046916,3442734.979351416999994398146069,18066
coinbase-btc-usd-spot,2016-07-03T00:00:00.000000000Z,705.25,663.55,705.25,651,675.6189310213534,6495.70846259,4388623.60772141460000972531287,15534
coinbase-btc-usd-spot,2016-07-04T00:00:00.000000000Z,664.09,681.98,683.69,653.16,673.8269534957559,4327.4107689,2915926.014932613700004226839658,10740
coinbase-btc-usd-spot,2016-07-05T00:00:00.000000000Z,681.98,669.87,682.37,662.51,672.9670122470058,5043.81182652,3394318.97522927749999602089312,12221
coinbase-btc-usd-spot,2016-07-06T00:00:00.000000000Z,669.75,678.79,680.79,665,674.3343630548661,5668.23807828,3822287.714160281899997329819209,19115
coinbase-btc-usd-spot,2016-07-07T00:00:00.000000000Z,678.79,641.97,683.44,611.94,641.2430954562265,12281.48061343,7875414.645341488799987832954533,19948
coinbase-btc-usd-spot,2016-07-08T00:00:00.000000000Z,641.97,667.33,667.33,638.04,650.7054447994627,11055.36574175,7193786.682406175999995833500678,22522
coinbase-btc-usd-spot,2016-07-09T00:00:00.000000000Z,667.07,657.61,667.3,608,651.3401571289149,9607.6959149,6257878.166857799600011547140607,22268
coinbase-btc-usd-spot,2016-07-10T00:00:00.000000000Z,657.61,652.44,657.61,641,650.5960244253365,3705.89414753,2411039.9993241393000267916555,10703
coinbase-btc-usd-spot,2016-07-11T00:00:00.000000000Z,652.43,650.97,664.27,648.11,652.8158336013716,4815.437046,3143593.549339416499988029083144,10030
coinbase-btc-usd-spot,2016-07-12T00:00:00.000000000Z,651.25,666.56,675.5,648.6,658.4774111415519,10666.08971384,7023379.141772899700004445043654,25094
coinbase-btc-usd-spot,2016-07-13T00:00:00.000000000Z,666.25,655.34,671.45,654.86,664.1441120305406,21882.00922995,14532807.589469235700039236736001,24923
coinbase-btc-usd-spot,2016-07-14T00:00:00.000000000Z,655.3,661.65,663.99,640,659.00810543392,4649.64369535,3064152.882615374199990428663821,15556
coinbase-btc-usd-spot,2016-07-15T00:00:00.000000000Z,661.4,667.48,669.98,660.68,665.5652100072317,4725.74361249,3145290.539887240400001766741481,18166
coinbase-btc-usd-spot,2016-07-16T00:00:00.000000000Z,667.48,666.32,669.99,662.01,666.8472478940032,2908.02982543,1939211.685881673999999087911089,10936
coinbase-btc-usd-spot,2016-07-17T00:00:00.000000000Z,666.3,680,680.99,665.95,674.0346119419671,3944.42402405,2658678.316385114000000538483616,12307
coinbase-btc-usd-spot,2016-07-18T00:00:00.000000000Z,680,675.5,684.94,670,678.1500068422127,4547.72178477,3084037.559458255300006611138433,11777
coinbase-btc-usd-spot,2016-07-19T00:00:00.000000000Z,675.51,673.98,676.87,666.17,672.520291096023,3799.77117828,2555423.218915143999994289743517,13298
coinbase-btc-usd-spot,2016-07-20T00:00:00.000000000Z,673.98,666.92,674.99,664.6,669.6942152720244,3603.86279956,2413486.069499374999987672272249,12295
coinbase-btc-usd-spot,2016-07-21T00:00:00.000000000Z,667.15,667.28,668.4,661.19,665.8259437811204,3967.87180841,2641911.991637089199995394366226,9521
coinbase-btc-usd-spot,2016-07-22T00:00:00.000000000Z,667.27,654.67,669.94,647.59,660.1434540831693,7371.96466565,4866554.217761267600020262963646,16792
coinbase-btc-usd-spot,2016-07-23T00:00:00.000000000Z,654.7,657.5,662.35,653.92,658.2325793627405,4379.51140552,2882737.088803970699995194023673,12742
coinbase-btc-usd-spot,2016-07-24T00:00:00.000000000Z,657.68,661,666.37,655.01,660.135324512679,3423.08122968,2259696.838388067100019663084077,9958
coinbase-btc-usd-spot,2016-07-25T00:00:00.000000000Z,660.92,657.79,664.13,653.77,657.8155437016439,4101.53773839,2698055.277391828799995874870505,10645
coinbase-btc-usd-spot,2016-07-26T00:00:00.000000000Z,657.99,654.06,658.99,645,654.6733240210034,6470.74022151,4236221.009692355500000579101445,16708
coinbase-btc-usd-spot,2016-07-27T00:00:00.000000000Z,654.06,657.35,658.99,646.56,654.5765507530717,5175.14137436,3387526.190488079799993334705803,12376
coinbase-btc-usd-spot,2016-07-28T00:00:00.000000000Z,657,657.4,659.97,654.1,657.2688970478802,3832.98840948,2519304.064296228099999151166549,10437
coinbase-btc-usd-spot,2016-07-29T00:00:00.000000000Z,657.4,657,659,651,656.7211015291799,4246.21269481,2788577.478262810799995803814435,11887
coinbase-btc-usd-spot,2016-07-30T00:00:00.000000000Z,657.18,655.87,658.98,652.95,656.9494417341075,2980.08541508,1957765.449756761999991414958424,10798
coinbase-btc-usd-spot,2016-07-31T00:00:00.000000000Z,655.95,626.97,657,621.37,637.1641790312488,6299.64138309,4013905.83004782050000413746501,14071
coinbase-btc-usd-spot,2016-08-01T00:00:00.000000000Z,626.97,605.2,629.34,599,617.2035479598961,7981.71787362,4926344.590413181599995556989461,12629
coinbase-btc-usd-spot,2016-08-02T00:00:00.000000000Z,604.87,537.47,613.38,483,574.3488831685625,14839.34615984,8522961.893855801399979795439784,22213
coinbase-btc-usd-spot,2016-08-03T00:00:00.000000000Z,538.8,573.36,576,519.3,551.9190809305088,20292.859717,11200016.48445838579999883442905,34919
coinbase-btc-usd-spot,2016-08-04T00:00:00.000000000Z,573.35,587.5,599.95,562.11,581.6870576805773,9514.32837515,5534361.678347831100009662916943,25237
coinbase-btc-usd-spot,2016-08-05T00:00:00.000000000Z,587.5,583,592.87,570.39,579.0805176769638,5478.38879554,3172428.219756981399998645585039,18215
coinbase-btc-usd-spot,2016-08-06T00:00:00.000000000Z,583,591.71,591.72,574.5,583.08944311496,3907.87281274,2278639.382144658799994373560134,13094
coinbase-btc-usd-spot,2016-08-07T00:00:00.000000000Z,591.7,595.14,598.65,587.2,594.0900344229102,3288.65737176,1953758.571194055699998547596091,11458
coinbase-btc-usd-spot,2016-08-08T00:00:00.000000000Z,595.14,591.48,595.99,590,593.3038899966916,3852.03062424,2285424.753747976299987990855925,14370
coinbase-btc-usd-spot,2016-08-09T00:00:00.000000000Z,591.58,586.45,594.04,585.38,589.4646117061852,4817.62624738,2839820.185257377700013465576955,15244
coinbase-btc-usd-spot,2016-08-10T00:00:00.000000000Z,586.75,594.94,601.09,583.29,590.9982400474421,9439.72597721,5578861.439061230999975385691341,39242
coinbase-btc-usd-spot,2016-08-11T00:00:00.000000000Z,594.94,587.91,599.99,585.6,592.215728320633,5062.58283783,2998141.182489030499999633712087,11578
coinbase-btc-usd-spot,2016-08-12T00:00:00.000000000Z,587.9,587.74,590.09,583.62,587.3947324376899,3870.89068755,2273740.799708977899985145138194,12850
coinbase-btc-usd-spot,2016-08-13T00:00:00.000000000Z,587.68,586.45,589.5,586,587.7642627283752,2839.70446781,1669076.80288881780001635360126,9769
coinbase-btc-usd-spot,2016-08-14T00:00:00.000000000Z,586.45,574.99,586.49,565.19,575.3464323582806,4154.4769823,2390263.510080900800004429197332,10338
coinbase-btc-usd-spot,2016-08-15T00:00:00.000000000Z,574.97,567.79,574.97,561.56,568.9388201654237,4403.16173516,2505129.642599470199991260398273,10504
coinbase-btc-usd-spot,2016-08-16T00:00:00.000000000Z,567.85,579.02,581.99,566.09,574.0269572943673,4692.46182455,2693599.583366411899999877666849,10521
coinbase-btc-usd-spot,2016-08-17T00:00:00.000000000Z,579.02,574.45,581.99,569.67,575.3932842826777,4509.7743737,2594893.888257098799988518017898,12714
coinbase-btc-usd-spot,2016-08-18T00:00:00.000000000Z,574.45,574.09,576.99,573,575.1837401937667,3964.9989895,2280602.948645115500000886574351,13087
coinbase-btc-usd-spot,2016-08-19T00:00:00.000000000Z,574.05,573.67,576.99,572.68,574.9196634337362,4038.30300064,2321699.801971395799991064311615,14826
coinbase-btc-usd-spot,2016-08-20T00:00:00.000000000Z,573.68,581.87,583.92,572.38,578.6877748397723,3581.22425349,2072410.694454352899986184980947,9660
coinbase-btc-usd-spot,2016-08-21T00:00:00.000000000Z,581.72,581.29,583.99,579.34,581.6521394871986,2442.63374814,1420763.145589265899999483498021,8327
coinbase-btc-usd-spot,2016-08-22T00:00:00.000000000Z,581.34,585.2,586.99,579.22,583.3506029930692,4493.44110907,2621251.580489830199998789554059,15096
coinbase-btc-usd-spot,2016-08-23T00:00:00.000000000Z,585.19,582.39,586.77,577.47,582.3439770844176,5092.27462505,2965455.457557678600009520778436,15406
coinbase-btc-usd-spot,2016-08-24T00:00:00.000000000Z,582.39,578.47,582.68,575.29,579.4449816426407,3857.02318764,2234932.730157299200001541192463,14655
coinbase-btc-usd-spot,2016-08-25T00:00:00.000000000Z,578.68,575.58,579,573.12,575.5094221124174,4109.11256132,2364832.995560148599999697557922,9805
coinbase-btc-usd-spot,2016-08-26T00:00:00.000000000Z,575.57,579.29,579.86,574.85,577.9186001955679,3354.18317104,1938444.843006967900009707075937,10819
coinbase-btc-usd-spot,2016-08-27T00:00:00.000000000Z,579.29,570.84,579.45,568.95,573.7762516677343,3059.49308936,1755464.476816317300004294010989,8286
coinbase-btc-usd-spot,2016-08-28T00:00:00.000000000Z,570.83,575.41,575.41,569.65,572.5593348843432,2587.45426087,1481471.090647387100003010700449,6989
coinbase-btc-usd-spot,2016-08-29T00:00:00.000000000Z,575.41,573.21,577.73,571.24,574.0960884304029,4569.5624841,2623367.947960125000002653774566,16777
coinbase-btc-usd-spot,2016-08-30T00:00:00.000000000Z,573.21,574.95,576.83,572.53,574.8088620136684,4175.84646427,2400313.554070839300002405317004,14563
coinbase-btc-usd-spot,2016-08-31T00:00:00.000000000Z,574.95,572.89,575.15,569.21,572.3268771382538,4439.62383694,2540916.046264422299997247517276,17369
coinbase-btc-usd-spot,2016-09-01T00:00:00.000000000Z,572.89,573.02,573.31,568.12,571.3158658830157,5203.40066602,2972785.357043476700016538086832,18841
coinbase-btc-usd-spot,2016-09-02T00:00:00.000000000Z,572.94,576.21,577.97,570,574.1446280951635,4827.43459895,2771645.642467872499988301736832,14492
coinbase-btc-usd-spot,2016-09-03T00:00:00.000000000Z,576.41,600.91,600.99,574.67,584.9487460237008,4707.9044818,2753882.823028270999997011596201,12309
coinbase-btc-usd-spot,2016-09-04T00:00:00.000000000Z,600.93,611.92,617.13,597.52,608.8390449723113,4592.85098189,2796307.005514049800001546393565,9330
coinbase-btc-usd-spot,2016-09-05T00:00:00.000000000Z,611.94,605.69,611.99,601.63,607.0717913573612,3010.75003224,1827741.415401169800006552365306,7894
coinbase-btc-usd-spot,2016-09-06T00:00:00.000000000Z,605.93,612.99,612.99,605.47,609.4531589914261,4169.69788463,2541235.547827620399999277630598,9723
coinbase-btc-usd-spot,2016-09-07T00:00:00.000000000Z,612.99,615.21,618.53,609.21,613.7788671990425,4680.9577166,2873072.92470136440000857823759,10571
coinbase-btc-usd-spot,2016-09-08T00:00:00.000000000Z,615.22,627.97,631.3,613.43,624.3212390970605,5225.03677269,3262101.432253526599989502397916,9989
coinbase-btc-usd-spot,2016-09-09T00:00:00.000000000Z,627.97,622.07,628.69,618.25,622.5406541316359,4502.86557587,2803216.88106893499999326038923,10875
coinbase-btc-usd-spot,2016-09-10T00:00:00.000000000Z,622.07,623.74,626.54,620.59,623.4517673415622,2819.13150751,1757592.52072539189999351269582,10760
coinbase-btc-usd-spot,2016-09-11T00:00:00.000000000Z,623.58,607.94,630.11,591.8,616.0136231325831,4289.6247761,2642467.300204656500012906872424,12693
coinbase-btc-usd-spot,2016-09-12T00:00:00.000000000Z,607.94,606.74,609.45,603,606.8728795955608,3986.16471563,2419095.259516597999998015509251,11098
coinbase-btc-usd-spot,2016-09-13T00:00:00.000000000Z,606.86,608.63,609.99,605.16,608.0239562430237,3888.07052292,2364040.021497700299999741914562,14566
coinbase-btc-usd-spot,2016-09-14T00:00:00.000000000Z,608.39,608.43,611.99,608,609.7732272949128,3744.74317438,2283444.130832289100002565319758,12627
coinbase-btc-usd-spot,2016-09-15T00:00:00.000000000Z,608.47,605.44,609.49,603.33,607.6631500641061,3965.6919502,2409804.862642400000001959757508,19767
coinbase-btc-usd-spot,2016-09-16T00:00:00.000000000Z,605.43,607.93,608.1,603.15,606.8630303754596,4171.00563277,2531229.1180159134000004339084,24462
coinbase-btc-usd-spot,2016-09-17T00:00:00.000000000Z,607.95,607.92,608.99,604,607.4299352312664,2942.64908837,1787453.145156934300010616529909,13988
coinbase-btc-usd-spot,2016-09-18T00:00:00.000000000Z,607.92,611.4,611.93,607.22,609.4167298147282,3091.45513304,1883984.477546192400009634562318,16566
coinbase-btc-usd-spot,2016-09-19T00:00:00.000000000Z,611.4,608.6,612.46,607.4,609.365081364357,3096.46853792,1886879.802551792400000046112583,11127
coinbase-btc-usd-spot,2016-09-20T00:00:00.000000000Z,608.6,605.6,609.92,605.6,608.5971315755448,4601.69967614,2800581.223270917400009475064369,15097
coinbase-btc-usd-spot,2016-09-21T00:00:00.000000000Z,605.6,597,605.6,592.63,597.5544837612422,4885.89704059,2919589.683800338600002267552583,11859
coinbase-btc-usd-spot,2016-09-22T00:00:00.000000000Z,597,596.21,598.54,594.78,596.7115053449308,3998.40601014,2385894.869290858100006685745482,9904
coinbase-btc-usd-spot,2016-09-23T00:00:00.000000000Z,595.99,602.96,603.3,595.14,599.7110707489388,3759.0236907,2254328.122520324899995470377608,7587
coinbase-btc-usd-spot,2016-09-24T00:00:00.000000000Z,602.96,603.68,605.94,601.08,603.8168930452901,2646.49759755,1597999.956804465499998791234333,7834
coinbase-btc-usd-spot,2016-09-25T00:00:00.000000000Z,603.69,601.67,605.99,599.42,602.1725812534003,2577.17870414,1551906.352623276999992749827437,7601
coinbase-btc-usd-spot,2016-09-26T00:00:00.000000000Z,601.67,607.08,607.99,600.02,605.7256021542589,4292.32724007,2599972.502134528799992885585602,11662
coinbase-btc-usd-spot,2016-09-27T00:00:00.000000000Z,607.04,605.71,607.54,601.38,604.9463441520859,4345.51888885,2628805.765253641799997902331588,15112
coinbase-btc-usd-spot,2016-09-28T00:00:00.000000000Z,605.71,605.04,606,603.18,604.7019927177581,3710.0120722,2243451.693066279100009859506779,15437
coinbase-btc-usd-spot,2016-09-29T00:00:00.000000000Z,604.96,605.99,606.89,603.56,605.4982323456141,4106.83205706,2486679.551090132199995495467106,15882
coinbase-btc-usd-spot,2016-09-30T00:00:00.000000000Z,605.99,608.99,608.99,605,606.1555591277396,4626.81936993,2804572.282162975100000849555541,15699
coinbase-btc-usd-spot,2016-10-01T00:00:00.000000000Z,608.99,615.65,617.19,608.98,613.8323452051912,3480.01593911,2136146.345255337299998557514977,8045
coinbase-btc-usd-spot,2016-10-02T00:00:00.000000000Z,615.65,612.4,615.9,608.66,612.4308231217565,2911.8918914,1783332.347891670300007024367485,7136
coinbase-btc-usd-spot,2016-10-03T00:00:00.000000000Z,612.42,612.99,615.24,610.7,612.9536615316963,4436.78281505,2719542.271905804499991609476978,10883
coinbase-btc-usd-spot,2016-10-04T00:00:00.000000000Z,612.99,610.34,613.23,606.93,610.4786910609637,5060.86312789,3089549.097952981700000722255507,12561
coinbase-btc-usd-spot,2016-10-05T00:00:00.000000000Z,610.33,613.16,614.24,609.22,612.0265199609506,4454.40369502,2726213.191964290199995483277853,14300
coinbase-btc-usd-spot,2016-10-06T00:00:00.000000000Z,613.16,611.88,613.39,610.3,612.4984347743613,3920.07531583,2401039.995143485199999807296157,15747
coinbase-btc-usd-spot,2016-10-07T00:00:00.000000000Z,611.78,618.04,618.7,609.89,615.2231899378811,5119.98889954,3149935.90322154040001568861188,10949
coinbase-btc-usd-spot,2016-10-08T00:00:00.000000000Z,618.11,619.5,620,617.55,618.8396706241169,2793.95535361,1729010.410766500500000414084991,6427
coinbase-btc-usd-spot,2016-10-09T00:00:00.000000000Z,619.3,617.42,619.59,617,618.2795308254359,2329.86207734,1440506.03206575069999449219023,7821
coinbase-btc-usd-spot,2016-10-10T00:00:00.000000000Z,617.43,618.72,619.2,615.46,617.5081202646647,3896.59582637,2406179.564172876599997191119009,8227
coinbase-btc-usd-spot,2016-10-11T00:00:00.000000000Z,618.72,642.43,647.03,618.13,632.5096498453421,6316.50262935,3995248.86633735119999990466767,15374
coinbase-btc-usd-spot,2016-10-12T00:00:00.000000000Z,642.3,635.91,643.58,631.91,638.656697005916,4334.7387028,2768409.902313956800014300131902,14758
coinbase-btc-usd-spot,2016-10-13T00:00:00.000000000Z,635.9,635.8,639.85,632,636.3905680993168,3845.21461185,2447058.311299015600005319895139,16428
coinbase-btc-usd-spot,2016-10-14T00:00:00.000000000Z,635.8,638.03,639.99,624.08,635.1894325328658,4365.86702469,2773152.597926792500007923085624,18192
coinbase-btc-usd-spot,2016-10-15T00:00:00.000000000Z,638.03,638.16,639.99,636,638.4855134690527,683.79807092,436595.162420503899997713181089,2583
coinbase-btc-usd-spot,2016-10-16T00:00:00.000000000Z,638.16,642.1,643.91,637.87,641.7761404239493,2547.64969894,1635020.790937949500001530482143,10156
coinbase-btc-usd-spot,2016-10-17T00:00:00.000000000Z,642.1,639.56,643.47,636.27,639.4901265031542,3950.24167083,2526140.545797107799989849301916,13544
coinbase-btc-usd-spot,2016-10-18T00:00:00.000000000Z,639.56,635.12,640,632.15,637.0998018572623,4126.80597819,2629187.271008214400000419958968,11680
coinbase-btc-usd-spot,2016-10-19T00:00:00.000000000Z,635.12,629.79,636.99,625.6,631.0030966679542,4465.14828834,2817522.397024155300012820351879,16400
coinbase-btc-usd-spot,2016-10-20T00:00:00.000000000Z,629.79,628.05,629.99,626.01,628.3968889961367,4170.46626703,2620708.027864983300001246155159,14258
coinbase-btc-usd-spot,2016-10-21T00:00:00.000000000Z,628.19,630.83,633.41,627.5,629.9233307197611,4162.76985048,2622225.84923416359999451364346,13487
coinbase-btc-usd-spot,2016-10-22T00:00:00.000000000Z,630.47,652.75,658,629.32,643.6445753318182,4586.7845212,2952258.975286330900008557529709,13352
coinbase-btc-usd-spot,2016-10-23T00:00:00.000000000Z,653.03,651.04,655.8,645.33,651.2679390624807,3075.73956709,2003130.568951630800004362009417,14260
coinbase-btc-usd-spot,2016-10-24T00:00:00.000000000Z,651.05,649.98,652.93,645.81,649.137028441832,3670.49141848,2382651.892313352099999438016145,18351
coinbase-btc-usd-spot,2016-10-25T00:00:00.000000000Z,649.98,654.3,657.5,648.99,653.8402539947239,4814.88839172,3148167.848998452700002175911619,16212
coinbase-btc-usd-spot,2016-10-26T00:00:00.000000000Z,654.3,674,678,652.51,666.1442715385761,5843.50141279,3892614.99185763499998725892726,15696
coinbase-btc-usd-spot,2016-10-27T00:00:00.000000000Z,674,691.21,692.41,673.54,684.3585768977002,6771.85374768,4634376.193721642800004329925019,11445
coinbase-btc-usd-spot,2016-10-28T00:00:00.000000000Z,691.01,689.95,691.19,683.2,687.7003436796921,4409.98654001,3032749.25918769310000103126891,9216
coinbase-btc-usd-spot,2016-10-29T00:00:00.000000000Z,689.95,714.28,725.64,689.39,711.5903643754063,6583.49896892,4684754.43015889480000013615322,11683
coinbase-btc-usd-spot,2016-10-30T00:00:00.000000000Z,714.28,697.41,714.98,692.04,704.5682495807463,3799.52235609,2677022.815673244399997193934636,9992
coinbase-btc-usd-spot,2016-10-31T00:00:00.000000000Z,697.39,696.9,709.68,681.01,698.7093968124996,4474.8670547,3126631.660605563599995359578092,9733
coinbase-btc-usd-spot,2016-11-01T00:00:00.000000000Z,697.07,730.7,737.5,695.74,722.4105184520447,6909.18196562,4991265.725863061600004497912431,13110
coinbase-btc-usd-spot,2016-11-02T00:00:00.000000000Z,730.7,744.6,744.6,720,726.9893751736078,5096.8408538,3705349.147663379500009621484599,11147
coinbase-btc-usd-spot,2016-11-03T00:00:00.000000000Z,744.61,690,746.16,672.06,712.7819357068414,10331.34963833,7363999.393673033600029067463508,18844
coinbase-btc-usd-spot,2016-11-04T00:00:00.000000000Z,690,706.32,708.33,683.8,699.5627217544136,5229.21994603,3658167.338097214600006604728164,9255
coinbase-btc-usd-spot,2016-11-05T00:00:00.000000000Z,705.86,706.99,707.99,697.72,704.8346308832501,2999.21458017,2113950.301553783799998593320394,7437
coinbase-btc-usd-spot,2016-11-06T00:00:00.000000000Z,706.98,717.03,719.83,705.86,712.0573794922207,3013.17627869,2145554.404952122800005226910513,8156
coinbase-btc-usd-spot,2016-11-07T00:00:00.000000000Z,717.04,706.42,717.32,701.35,707.5898448505475,4168.78736342,2949791.603697280800003114031337,10507
coinbase-btc-usd-spot,2016-11-08T00:00:00.000000000Z,706.41,711.16,716.45,704.16,709.8569676787999,4361.51958288,3096055.065574901100000690019862,9536
coinbase-btc-usd-spot,2016-11-09T00:00:00.000000000Z,711.3,720.97,747.26,710.05,730.6584545766878,12022.23320968,8784146.33754532189999370313749,16144
coinbase-btc-usd-spot,2016-11-10T00:00:00.000000000Z,721,712.91,723.61,705.84,713.9927310055897,4441.88391256,3171472.825538508400009544902504,9541
coinbase-btc-usd-spot,2016-11-11T00:00:00.000000000Z,713,716.9,718.99,712.5,715.1304742689322,3363.91577496,2405638.683547887400004463816013,8040
coinbase-btc-usd-spot,2016-11-12T00:00:00.000000000Z,716.44,704.53,716.99,702.42,708.6894560782182,3130.22057213,2218354.314667658800004822173019,9216
coinbase-btc-usd-spot,2016-11-13T00:00:00.000000000Z,704.63,704.01,705.94,685.7,696.6617144440242,4207.77586806,2931396.350238871900007501160813,7882
coinbase-btc-usd-spot,2016-11-14T00:00:00.000000000Z,704.01,708.32,708.57,695.07,702.5392691749539,4818.75334881,3385363.456007339100000753220246,15813
coinbase-btc-usd-spot,2016-11-15T00:00:00.000000000Z,708.4,712.29,716.3,671.23,708.0652422024944,4793.81248351,3394331.997209849500028622830273,15402
coinbase-btc-usd-spot,2016-11-16T00:00:00.000000000Z,711.2,739.85,743.8,710,728.8791059910869,6194.50292689,4515043.755410754099982961683548,26421
coinbase-btc-usd-spot,2016-11-17T00:00:00.000000000Z,736.15,730.71,750.01,729.01,742.3371927806498,4171.50353425,3096662.223289704399997004578562,16950
coinbase-btc-usd-spot,2016-11-18T00:00:00.000000000Z,729.6,748.54,751,728.89,743.0593669825304,4633.63714554,3443067.484191691600003651705553,12843
coinbase-btc-usd-spot,2016-11-19T00:00:00.000000000Z,748.55,750.77,752.3,738,748.4157773874173,2953.71110824,2210603.995251289499996783312336,10847
coinbase-btc-usd-spot,2016-11-20T00:00:00.000000000Z,750.77,731.99,753.81,715,734.3227658266779,4322.12503603,3173834.810706279400007741114223,11263
coinbase-btc-usd-spot,2016-11-21T00:00:00.000000000Z,731.72,736.4,738.47,730,735.2353920791511,2984.94365792,2194636.220664986599996445854457,8108
coinbase-btc-usd-spot,2016-11-22T00:00:00.000000000Z,736.39,746.66,748.77,726.38,740.7533104353557,4276.8415765,3168084.555999940700008032653391,12370
coinbase-btc-usd-spot,2016-11-23T00:00:00.000000000Z,746.66,741.52,747.12,734,741.3722027419061,3626.95652139,2688924.745512025700001176991084,9161
coinbase-btc-usd-spot,2016-11-24T00:00:00.000000000Z,741.51,737.99,743.99,727,737.0012999812254,3472.6009038,2559311.380416578099995328420414,7812
coinbase-btc-usd-spot,2016-11-25T00:00:00.000000000Z,737.99,739.74,739.99,729,735.0086688455617,3157.80610663,2321014.862906502099998961858649,7607
coinbase-btc-usd-spot,2016-11-26T00:00:00.000000000Z,739.51,735.7,739.98,726,734.5043071773574,2706.77529551,1988138.113113359399996044985847,7949
coinbase-btc-usd-spot,2016-11-27T00:00:00.000000000Z,735.69,729.24,737.95,728.01,732.936790002918,2682.66166264,1966221.427679252399996274214821,8291
coinbase-btc-usd-spot,2016-11-28T00:00:00.000000000Z,729.24,730.21,736.44,729,731.3990466171249,3864.89359081,2826779.48759507030000298629681,12736
coinbase-btc-usd-spot,2016-11-29T00:00:00.000000000Z,730.18,732.44,734.36,728.2,731.7998443405332,3807.46258906,2786300.530006511699999527931436,11423
coinbase-btc-usd-spot,2016-11-30T00:00:00.000000000Z,731.98,742.69,745,729.17,738.6018977972717,3949.90287585,2917405.760217711400001935608359,12327
coinbase-btc-usd-spot,2016-12-01T00:00:00.000000000Z,742.43,754,754.9,741.59,748.9741178638632,4190.18991165,3138343.792760117700002711348033,12337
coinbase-btc-usd-spot,2016-12-02T00:00:00.000000000Z,754,769.79,780,753.53,768.0588917615699,6041.03445262,4639870.2267727790999864176221,13322
coinbase-btc-usd-spot,2016-12-03T00:00:00.000000000Z,768.89,766.98,771.92,759,766.3776433492094,3180.08205342,2437143.789757134300001339811188,8466
coinbase-btc-usd-spot,2016-12-04T00:00:00.000000000Z,766.86,767.99,769.76,762.83,766.1137872591853,2759.91257043,2114407.071836360199998500681844,8316
coinbase-btc-usd-spot,2016-12-05T00:00:00.000000000Z,767.94,752,767.99,748.6,755.2031452042709,4823.73102661,3642896.842915298600002674425498,15800
coinbase-btc-usd-spot,2016-12-06T00:00:00.000000000Z,752.01,759.8,761.58,752,757.5123402384967,4499.07355133,3408103.734773112699996535645885,10880
coinbase-btc-usd-spot,2016-12-07T00:00:00.000000000Z,759.93,764.46,768.9,750.26,762.0818140633584,4572.32014076,3484482.027348811200002029637102,10202
coinbase-btc-usd-spot,2016-12-08T00:00:00.000000000Z,764.34,767.89,772.82,761.71,769.0410737258411,4839.32827769,3721642.214786542900004681651262,10127
coinbase-btc-usd-spot,2016-12-09T00:00:00.000000000Z,767.9,773.22,773.22,765.97,770.2457556471255,3932.49789277,3028989.810997357400002120511266,10312
coinbase-btc-usd-spot,2016-12-10T00:00:00.000000000Z,773.15,775.88,776.99,770,774.6757059621062,3365.89926147,2607480.386576604199998357488246,7782
coinbase-btc-usd-spot,2016-12-11T00:00:00.000000000Z,776.05,771.05,776.08,765,769.5596105656174,3105.09201254,2389553.399940691699997137685788,7765
coinbase-btc-usd-spot,2016-12-12T00:00:00.000000000Z,771.05,778.94,782,770.88,777.7838876206319,4390.03689871,3414499.965876685999998241693022,9565
coinbase-btc-usd-spot,2016-12-13T00:00:00.000000000Z,779.26,776.18,790.34,772.76,781.1503718853806,5414.74074479,4229726.746455631299985995888589,10763
coinbase-btc-usd-spot,2016-12-14T00:00:00.000000000Z,776.65,777.66,781.8,773.2,778.2150815038653,4486.58460305,3491527.802536542800005050805431,8827
coinbase-btc-usd-spot,2016-12-15T00:00:00.000000000Z,777.66,776.16,780,775,778.4268539980695,5927.48786136,4614115.728030209699988719343548,12731
coinbase-btc-usd-spot,2016-12-16T00:00:00.000000000Z,776.16,780.98,785,774.8,780.2677536701981,5719.66238907,4462868.124071567799995514332738,9947
coinbase-btc-usd-spot,2016-12-17T00:00:00.000000000Z,780.8,788.57,791.97,779.5,788.4661259619532,4364.33037091,3441126.659969501899996763097458,7919
coinbase-btc-usd-spot,2016-12-18T00:00:00.000000000Z,788.98,790.72,791.96,787.19,790.0695144052652,2847.04584842,2249364.130950715600000467798518,6223
coinbase-btc-usd-spot,2016-12-19T00:00:00.000000000Z,790.71,790.81,794.99,789,792.3635595596435,5496.38381127,4355134.241403896999998948863428,10226
coinbase-btc-usd-spot,2016-12-20T00:00:00.000000000Z,791,799,799.21,788.58,791.9314042521711,5925.20060127,4692352.432639559699990912439634,12907
coinbase-btc-usd-spot,2016-12-21T00:00:00.000000000Z,798.98,834.5,834.5,798.88,816.641763015899,8442.94664959,6894862.836970355599983055216893,12692
coinbase-btc-usd-spot,2016-12-22T00:00:00.000000000Z,834.15,856.02,875.75,832.38,855.780947722924,8778.21064087,7512225.421555184400012168889238,14330
coinbase-btc-usd-spot,2016-12-23T00:00:00.000000000Z,856.45,917.66,918.5,855.45,897.2692852545228,12735.18421092,11426889.63451687270000929628688,20485
coinbase-btc-usd-spot,2016-12-24T00:00:00.000000000Z,917.28,892.89,918.19,880.1,902.3470704342658,6458.02976682,5827384.240867311899999828033672,11558
coinbase-btc-usd-spot,2016-12-25T00:00:00.000000000Z,890.26,896.12,897.4,851.11,872.2134424975482,5380.14745659,4692636.934256792299987309170696,14874
coinbase-btc-usd-spot,2016-12-26T00:00:00.000000000Z,895.94,902.09,908.24,890,900.0648140421968,3297.92235509,2968343.871259684600001979903118,12494
coinbase-btc-usd-spot,2016-12-27T00:00:00.000000000Z,902.08,925.2,943.36,895,922.8791347954634,6719.94923102,6201700.932193176899996741539872,16446
coinbase-btc-usd-spot,2016-12-28T00:00:00.000000000Z,925.28,982.17,983.46,923.95,954.0738807705772,9792.34683129,9342622.343180314600008949367282,22954
coinbase-btc-usd-spot,2016-12-29T00:00:00.000000000Z,982.25,970.72,988.88,950.5,972.1367048015285,8997.85901622,8747149.014296833999994627903351,19245
coinbase-btc-usd-spot,2016-12-30T00:00:00.000000000Z,970.51,960.81,970.51,930.3,955.7441469100499,7945.76302017,7594116.499261798600007979527591,19731
coinbase-btc-usd-spot,2016-12-31T00:00:00.000000000Z,961.52,973.37,973.37,949,960.4732635307786,3837.28788592,3685612.418896704599997944338574,11542
